{
  "metrics": {
    "mae": 2719.9005440049664,
    "rmse": 3150.6846301932896,
    "r2": -0.2366018306510833
  },
  "evaluation_date": "2025-09-11T13:19:19.643197"
}